operation,executive_number,first_name,second_name,last_name,second_last_name,rfc,phone,extension,email,id_branch
0,1,JOANA,Cary,Arnoll,Yesichev,GWBJ203784JH1,4643663833,,vmjhwztk@kyc.com,3
0,2,Glen,,Collingham,,LPUQ270777ED5,5297791790,,syathnvu@kyc.com,6
0,3,Mala,Lindsey,Rivalant,Bottomore,TGYN120408QI4,5961598658,,ogycfqxt@kyc.com,9
0,4,Belinda,,Ambrosio,,JTSM363188VR9,5979334063,,acklmyfw@kyc.com,12
0,5,Efrem,Chaim,O Neligan,Averall,AMON357297JS7,1325701927,695,rnhdxgcw@kyc.com,15
0,6,Burl,,Coalbran,,RBML285967OU7,3634325942,501,htspixnb@kyc.com,18
0,7,Candi,,Coal,,GFVI863308YH1,8966345322,114,pcazgkhq@kyc.com,21
0,8,Debby,Vergil,Deddum,Chennells,TBWS226831LN5,4345195238,,mqlrsvfa@kyc.com,3
0,9,Artus,Brandice,Aggs,Deeves,GIUT614720DZ7,4846396987,258,dahuplbm@kyc.com,6
0,10,Collete,,Kemetz,,SJED534780EG6,7104580224,120,ildbexzj@kyc.com,9
0,11,Lorilyn,,Crispin,,WUOM696073NX2,5551511259,,qcengzvh@kyc.com,12
0,12,Kristopher,Rori,Grafton Herbert,Bryceson,JVXI565347RV8,7627254328,,zacpfmrl@kyc.com,15
0,13,Wallis,Noelle,Godsell,Tieman,GATP690727YS5,6372111972,,zghoswcm@kyc.com,18
0,14,Arvy,Greggory,Hawkswood,Reeves,RJWO754919RM0,9881351209,,thlrgozw@kyc.com,21
0,15,Louise,Meryl,Morrell,Muzzillo,RGEX948647WR6,9585800976,,womzprgk@kyc.com,3
0,16,Jethro,Rene,Noakes,Alvarado,GDZY909181MB6,5765371628,850,vmrudocn@kyc.com,6
0,17,Nissy,Judd,Butten,Matijevic,YPJC715059TR5,8274018475,,ymcxhgoe@kyc.com,9
0,18,Dasie,Doria,Kopfen,Kinghorne,ZFMU679405LS6,4429216796,203,qkyprlwc@kyc.com,12
0,19,Hildagarde,,Hearnaman,,KVLT839031KH2,5770545852,,uavjoked@kyc.com,15
0,20,Charita,Joni,Pharrow,Pietersen,ZMHO055906LY8,5556665876,,floejpvq@kyc.com,18
